{
    "loss": 3.167468547821045,
    "accuracy": 0.7083333134651184
}