{
    "loss": 4.212586879730225,
    "accuracy": 0.8333333134651184
}