{
    "loss": 4.439065456390381,
    "accuracy": 0.824999988079071
}