{
    "loss": 4.384458541870117,
    "accuracy": 0.7467150092124939
}